{
  "nodes": {
    "0": {
      "weight": 0.0,
      "id": 0,
      "tag": 0,
      "info": "",
      "location": {
        "x": 35.19589389346247,
        "y": 32.10152879327731,
        "z": 0.0
      }
    },
    "1": {
      "weight": 0.0,
      "id": 1,
      "tag": 0,
      "info": "",
      "location": {
        "x": 35.20319591121872,
        "y": 32.10318254621849,
        "z": 0.0
      }
    },
    "2": {
      "weight": 0.0,
      "id": 2,
      "tag": 0,
      "info": "",
      "location": {
        "x": 35.20752617756255,
        "y": 32.1025646605042,
        "z": 0.0
      }
    },
    "3": {
      "weight": 0.0,
      "id": 3,
      "tag": 0,
      "info": "",
      "location": {
        "x": 35.21007339305892,
        "y": 32.10107446554622,
        "z": 0.0
      }
    },
    "4": {
      "weight": 0.0,
      "id": 4,
      "tag": 0,
      "info": "",
      "location": {
        "x": 35.21310882485876,
        "y": 32.104636394957986,
        "z": 0.0
      }
    },
    "5": {
      "weight": 0.0,
      "id": 5,
      "tag": 0,
      "info": "",
      "location": {
        "x": 35.212111165456015,
        "y": 32.106235628571426,
        "z": 0.0
      }
    },
    "6": {
      "weight": 0.0,
      "id": 6,
      "tag": 0,
      "info": "",
      "location": {
        "x": 35.20797194027441,
        "y": 32.104854472268904,
        "z": 0.0
      }
    },
    "7": {
      "weight": 0.0,
      "id": 7,
      "tag": 0,
      "info": "",
      "location": {
        "x": 35.205764353510894,
        "y": 32.106326494117646,
        "z": 0.0
      }
    },
    "8": {
      "weight": 0.0,
      "id": 8,
      "tag": 0,
      "info": "",
      "location": {
        "x": 35.20154022114608,
        "y": 32.10594485882353,
        "z": 0.0
      }
    },
    "9": {
      "weight": 0.0,
      "id": 9,
      "tag": 0,
      "info": "",
      "location": {
        "x": 35.19805902663438,
        "y": 32.10525428067227,
        "z": 0.0
      }
    },
    "10": {
      "weight": 0.0,
      "id": 10,
      "tag": 0,
      "info": "",
      "location": {
        "x": 35.197400995964486,
        "y": 32.10510889579832,
        "z": 0.0
      }
    },
    "11": {
      "weight": 0.0,
      "id": 11,
      "tag": 0,
      "info": "",
      "location": {
        "x": 35.19351649233253,
        "y": 32.1061811092437,
        "z": 0.0
      }
    },
    "12": {
      "weight": 0.0,
      "id": 12,
      "tag": 0,
      "info": "",
      "location": {
        "x": 35.18950462792575,
        "y": 32.10788938151261,
        "z": 0.0
      }
    },
    "13": {
      "weight": 0.0,
      "id": 13,
      "tag": 0,
      "info": "",
      "location": {
        "x": 35.189568308313156,
        "y": 32.106617263865544,
        "z": 0.0
      }
    },
    "14": {
      "weight": 0.0,
      "id": 14,
      "tag": 0,
      "info": "",
      "location": {
        "x": 35.18869800968523,
        "y": 32.104927164705884,
        "z": 0.0
      }
    },
    "15": {
      "weight": 0.0,
      "id": 15,
      "tag": 0,
      "info": "",
      "location": {
        "x": 35.187594216303474,
        "y": 32.10378225882353,
        "z": 0.0
      }
    },
    "16": {
      "weight": 0.0,
      "id": 16,
      "tag": 0,
      "info": "",
      "location": {
        "x": 35.19381366747377,
        "y": 32.102419275630254,
        "z": 0.0
      }
    }
  },
  "edges": {
    "0": {
      "16": {
        "src": 0,
        "dest": 16,
        "tag": 0,
        "weigh": 1.3118716362419698,
        "info": ""
      },
      "1": {
        "src": 0,
        "dest": 1,
        "tag": 0,
        "weigh": 1.232037506070033,
        "info": ""
      }
    },
    "1": {
      "0": {
        "src": 1,
        "dest": 0,
        "tag": 0,
        "weigh": 1.8635670623870366,
        "info": ""
      },
      "2": {
        "src": 1,
        "dest": 2,
        "tag": 0,
        "weigh": 1.8015954015822042,
        "info": ""
      }
    },
    "2": {
      "1": {
        "src": 2,
        "dest": 1,
        "tag": 0,
        "weigh": 1.5784991011275615,
        "info": ""
      },
      "3": {
        "src": 2,
        "dest": 3,
        "tag": 0,
        "weigh": 1.0631605142699874,
        "info": ""
      },
      "6": {
        "src": 2,
        "dest": 6,
        "tag": 0,
        "weigh": 1.7938753352369698,
        "info": ""
      }
    },
    "3": {
      "2": {
        "src": 3,
        "dest": 2,
        "tag": 0,
        "weigh": 1.440561778177153,
        "info": ""
      },
      "4": {
        "src": 3,
        "dest": 4,
        "tag": 0,
        "weigh": 1.2539385028794277,
        "info": ""
      }
    },
    "4": {
      "3": {
        "src": 4,
        "dest": 3,
        "tag": 0,
        "weigh": 1.8418222744214585,
        "info": ""
      },
      "5": {
        "src": 4,
        "dest": 5,
        "tag": 0,
        "weigh": 1.1422264879958028,
        "info": ""
      }
    },
    "5": {
      "4": {
        "src": 5,
        "dest": 4,
        "tag": 0,
        "weigh": 1.5855912911662344,
        "info": ""
      },
      "6": {
        "src": 5,
        "dest": 6,
        "tag": 0,
        "weigh": 1.734311926030133,
        "info": ""
      }
    },
    "6": {
      "2": {
        "src": 6,
        "dest": 2,
        "tag": 0,
        "weigh": 1.8474047229605628,
        "info": ""
      },
      "5": {
        "src": 6,
        "dest": 5,
        "tag": 0,
        "weigh": 1.4964304236123005,
        "info": ""
      },
      "7": {
        "src": 6,
        "dest": 7,
        "tag": 0,
        "weigh": 1.237565124536135,
        "info": ""
      }
    },
    "7": {
      "6": {
        "src": 7,
        "dest": 6,
        "tag": 0,
        "weigh": 1.5786081900467002,
        "info": ""
      },
      "8": {
        "src": 7,
        "dest": 8,
        "tag": 0,
        "weigh": 1.3717352984705653,
        "info": ""
      }
    },
    "8": {
      "7": {
        "src": 8,
        "dest": 7,
        "tag": 0,
        "weigh": 1.2817370911337442,
        "info": ""
      },
      "9": {
        "src": 8,
        "dest": 9,
        "tag": 0,
        "weigh": 1.5328553219807337,
        "info": ""
      }
    },
    "9": {
      "8": {
        "src": 9,
        "dest": 8,
        "tag": 0,
        "weigh": 1.9855087252581762,
        "info": ""
      },
      "10": {
        "src": 9,
        "dest": 10,
        "tag": 0,
        "weigh": 1.2861739185896588,
        "info": ""
      }
    },
    "10": {
      "9": {
        "src": 10,
        "dest": 9,
        "tag": 0,
        "weigh": 1.5815006562559664,
        "info": ""
      },
      "11": {
        "src": 10,
        "dest": 11,
        "tag": 0,
        "weigh": 1.4962204797190428,
        "info": ""
      }
    },
    "11": {
      "10": {
        "src": 11,
        "dest": 10,
        "tag": 0,
        "weigh": 1.3784147388591739,
        "info": ""
      },
      "12": {
        "src": 11,
        "dest": 12,
        "tag": 0,
        "weigh": 1.9316059913913906,
        "info": ""
      }
    },
    "12": {
      "11": {
        "src": 12,
        "dest": 11,
        "tag": 0,
        "weigh": 1.0666986438224981,
        "info": ""
      },
      "13": {
        "src": 12,
        "dest": 13,
        "tag": 0,
        "weigh": 1.5484109702862576,
        "info": ""
      }
    },
    "13": {
      "12": {
        "src": 13,
        "dest": 12,
        "tag": 0,
        "weigh": 1.823489852982211,
        "info": ""
      },
      "14": {
        "src": 13,
        "dest": 14,
        "tag": 0,
        "weigh": 1.011071987085077,
        "info": ""
      }
    },
    "14": {
      "13": {
        "src": 14,
        "dest": 13,
        "tag": 0,
        "weigh": 1.3207562671517605,
        "info": ""
      },
      "15": {
        "src": 14,
        "dest": 15,
        "tag": 0,
        "weigh": 1.118950355920981,
        "info": ""
      }
    },
    "15": {
      "16": {
        "src": 15,